[
  {
    "id": "c9450bb1-cb21-43e2-b0b5-537eb29b1af5",
    "data": [
      {
        "text": "whart are the no. of customers",
        "userDefined": false
      }
    ],
    "isTemplate": false,
    "count": 0,
    "lang": "en",
    "updated": 0
  },
  {
    "id": "b30adf7c-7151-44d6-9577-e6d1b2788c29",
    "data": [
      {
        "text": "what are the number of customers",
        "userDefined": false
      }
    ],
    "isTemplate": false,
    "count": 1,
    "lang": "en",
    "updated": 0
  },
  {
    "id": "744b508c-7898-4700-82e9-1c24e4702b8c",
    "data": [
      {
        "text": "How many customers does the restaurant get?",
        "userDefined": false
      }
    ],
    "isTemplate": false,
    "count": 0,
    "lang": "en",
    "updated": 0
  },
  {
    "id": "8631b2ea-58cd-4d55-be94-41712d113ca3",
    "data": [
      {
        "text": "what is the number of customers ",
        "userDefined": false
      },
      {
        "text": "per",
        "meta": "@sys.ignore",
        "userDefined": false
      },
      {
        "text": " day in the restaurant",
        "userDefined": false
      }
    ],
    "isTemplate": false,
    "count": 0,
    "lang": "en",
    "updated": 0
  },
  {
    "id": "692c499b-403f-4805-b0dc-63ee27fd1430",
    "data": [
      {
        "text": "What is the number of customers ",
        "userDefined": false
      },
      {
        "text": "per",
        "meta": "@sys.person",
        "alias": "person",
        "userDefined": false
      },
      {
        "text": " day in the restaurant",
        "userDefined": false
      }
    ],
    "isTemplate": false,
    "count": 1,
    "lang": "en",
    "updated": 0
  },
  {
    "id": "692c499b-403f-4805-b0dc-63ee27fd1430",
    "data": [
      {
        "text": "What is the number of customers ",
        "userDefined": false
      },
      {
        "text": "per",
        "meta": "@sys.ignore",
        "userDefined": false
      },
      {
        "text": " day in the restaurant",
        "userDefined": false
      }
    ],
    "isTemplate": false,
    "count": 2,
    "lang": "en",
    "updated": 0
  },
  {
    "id": "a428ebda-4998-43a9-b9a9-693fb44ad949",
    "data": [
      {
        "text": "In a day",
        "meta": "@sys.date-time",
        "alias": "date-time",
        "userDefined": false
      },
      {
        "text": " how many customers ?",
        "userDefined": false
      }
    ],
    "isTemplate": false,
    "count": 0,
    "lang": "en",
    "updated": 0
  },
  {
    "id": "f87c4e8a-965e-446a-a6c8-b4e08a3c15ca",
    "data": [
      {
        "text": "How many cusomers visit ",
        "userDefined": false
      },
      {
        "text": "in a day",
        "meta": "@sys.date-time",
        "alias": "date-time",
        "userDefined": false
      },
      {
        "text": "?",
        "userDefined": false
      }
    ],
    "isTemplate": false,
    "count": 0,
    "lang": "en",
    "updated": 0
  },
  {
    "id": "bc5d7033-8c92-4f81-8b65-88a3bb23cbcc",
    "data": [
      {
        "text": "How many customers ",
        "userDefined": false
      },
      {
        "text": "in a day",
        "meta": "@sys.date-time",
        "alias": "date-time",
        "userDefined": false
      },
      {
        "text": "?",
        "userDefined": false
      }
    ],
    "isTemplate": false,
    "count": 0,
    "lang": "en",
    "updated": 0
  }
]