[
  {
    "id": "0ba08d0c-df67-4be2-9a50-73458f10c47b",
    "data": [
      {
        "text": "what is your name",
        "userDefined": false
      }
    ],
    "isTemplate": false,
    "count": 0,
    "lang": "en",
    "updated": 0
  },
  {
    "id": "626819be-b0fd-4181-b18a-0078eb2e99ca",
    "data": [
      {
        "text": "What is my name",
        "userDefined": false
      }
    ],
    "isTemplate": false,
    "count": 0,
    "lang": "en",
    "updated": 0
  },
  {
    "id": "d01c2b69-a5e8-4f3b-8434-062f7e9bfacc",
    "data": [
      {
        "text": "what is my name",
        "userDefined": false
      }
    ],
    "isTemplate": false,
    "count": 0,
    "lang": "en",
    "updated": 0
  }
]