[
  {
    "id": "da13bf96-e87a-431f-9c1f-1b58c347957c",
    "data": [
      {
        "text": "- If the credit card is implemented, how many dine-in customers will use it?",
        "userDefined": false
      }
    ],
    "isTemplate": false,
    "count": 0,
    "lang": "en",
    "updated": 0
  },
  {
    "id": "03ceb15c-d388-4286-9e92-718b11218880",
    "data": [
      {
        "text": "If the credit card is implemented, how many dine-in customers will use it?",
        "userDefined": false
      }
    ],
    "isTemplate": false,
    "count": 3,
    "lang": "en",
    "updated": 0
  },
  {
    "id": "c82ce660-ed93-4c8a-ad97-65f813178377",
    "data": [
      {
        "text": "If the credit card is implemented, how many takeaway customers will use it?",
        "userDefined": false
      }
    ],
    "isTemplate": false,
    "count": 2,
    "lang": "en",
    "updated": 0
  },
  {
    "id": "52bff960-65cd-4a38-885a-8ab3e7f11900",
    "data": [
      {
        "text": "how many customers would like to pay if credit card option was available?",
        "userDefined": false
      }
    ],
    "isTemplate": false,
    "count": 12,
    "lang": "en",
    "updated": 0
  },
  {
    "id": "958be74e-9e44-41be-b609-45aaafc14115",
    "data": [
      {
        "text": "how many customers would like to pay if credit card option was avaailable?",
        "userDefined": false
      }
    ],
    "isTemplate": false,
    "count": 0,
    "lang": "en",
    "updated": 0
  },
  {
    "id": "97e4d63c-cceb-44a7-8c76-6a7321dd196a",
    "data": [
      {
        "text": "How many customers would like to pay by credit card if it is implemented?",
        "userDefined": false
      }
    ],
    "isTemplate": false,
    "count": 0,
    "lang": "en",
    "updated": 0
  }
]