[
  {
    "id": "c5277c7c-3532-4b53-b0fb-89c166b25e82",
    "data": [
      {
        "text": "Does the restaurant get 120 customers per day?",
        "userDefined": false
      }
    ],
    "isTemplate": false,
    "count": 1,
    "lang": "en",
    "updated": 0
  },
  {
    "id": "3c1eb5f5-cedb-4a87-980a-f3071b4893bb",
    "data": [
      {
        "text": "25",
        "meta": "@sys.number",
        "alias": "number",
        "userDefined": false
      },
      {
        "text": "% of the customers in takeaway would like to pay by credit card.",
        "userDefined": false
      }
    ],
    "isTemplate": false,
    "count": 0,
    "lang": "en",
    "updated": 0
  },
  {
    "id": "8c1cdae4-7942-4f2d-af71-4c2c1abd8cc1",
    "data": [
      {
        "text": "Will ",
        "userDefined": false
      },
      {
        "text": "25",
        "meta": "@sys.number",
        "alias": "number",
        "userDefined": false
      },
      {
        "text": "% of the customers in dine-in would like to pay by credit card?",
        "userDefined": false
      }
    ],
    "isTemplate": false,
    "count": 1,
    "lang": "en",
    "updated": 0
  },
  {
    "id": "bf79f0bc-6e61-4f8b-9b8a-2e56b28cfca7",
    "data": [
      {
        "text": "Is the credit card option available?",
        "userDefined": false
      }
    ],
    "isTemplate": false,
    "count": 0,
    "lang": "en",
    "updated": 0
  },
  {
    "id": "9c5f86d7-d82e-484a-8830-543d7dffa668",
    "data": [
      {
        "text": "Is the number of customers in the restaurant 120?",
        "userDefined": false
      }
    ],
    "isTemplate": false,
    "count": 1,
    "lang": "en",
    "updated": 0
  },
  {
    "id": "b52771bf-a109-4feb-aaeb-bc8b8f42763d",
    "data": [
      {
        "text": "Is credit card option available ?",
        "userDefined": false
      }
    ],
    "isTemplate": false,
    "count": 1,
    "lang": "en",
    "updated": 0
  },
  {
    "id": "f4e25fed-bc42-4e2b-b359-3725417f4c48",
    "data": [
      {
        "text": "Will ",
        "userDefined": false
      },
      {
        "text": "75",
        "meta": "@sys.number",
        "alias": "number",
        "userDefined": false
      },
      {
        "text": "% of the customers in takeaway would like to pay by credit card?",
        "userDefined": false
      }
    ],
    "isTemplate": false,
    "count": 0,
    "lang": "en",
    "updated": 0
  },
  {
    "id": "3a439576-343f-479a-884f-6ba8f75eb90f",
    "data": [
      {
        "text": "Is credit card option available",
        "userDefined": false
      }
    ],
    "isTemplate": false,
    "count": 1,
    "lang": "en",
    "updated": 0
  },
  {
    "id": "a70afe52-f8f3-4666-96cc-ed031b848d4d",
    "data": [
      {
        "text": "The price of each bowl is ",
        "userDefined": false
      },
      {
        "text": "50",
        "meta": "@sys.number",
        "alias": "number",
        "userDefined": false
      },
      {
        "text": " pesos?",
        "userDefined": false
      }
    ],
    "isTemplate": false,
    "count": 0,
    "lang": "en",
    "updated": 0
  },
  {
    "id": "2f3dd696-1f08-43eb-8672-e6a14be75c70",
    "data": [
      {
        "text": "Is the number of customers ",
        "userDefined": false
      },
      {
        "text": "200",
        "meta": "@sys.number",
        "alias": "number",
        "userDefined": false
      },
      {
        "text": " per day?",
        "userDefined": false
      }
    ],
    "isTemplate": false,
    "count": 0,
    "lang": "en",
    "updated": 0
  },
  {
    "id": "996ea064-186b-4c7b-b623-f7e7cc00f6df",
    "data": [
      {
        "text": "Can I pay with a credit card?",
        "userDefined": false
      }
    ],
    "isTemplate": false,
    "count": 0,
    "lang": "en",
    "updated": 0
  },
  {
    "id": "5878984e-cc40-4c49-9f99-43ec60d28183",
    "data": [
      {
        "text": "Is a credit card option available?",
        "userDefined": false
      }
    ],
    "isTemplate": false,
    "count": 0,
    "lang": "en",
    "updated": 0
  }
]