[
  {
    "id": "a1dcb23e-2585-4e9f-a2ff-c695d36754aa",
    "data": [
      {
        "text": "Should a customer pay by cash or credit card ?",
        "userDefined": false
      }
    ],
    "isTemplate": false,
    "count": 0,
    "lang": "en",
    "updated": 0
  },
  {
    "id": "7bf5caaf-770f-4683-bde4-9d449800eea1",
    "data": [
      {
        "text": "Will you take cash or credit card for paying?",
        "userDefined": false
      }
    ],
    "isTemplate": false,
    "count": 0,
    "lang": "en",
    "updated": 0
  },
  {
    "id": "afc16d2c-5087-451e-8346-f603d1f6f249",
    "data": [
      {
        "text": "How should a customer pay?",
        "userDefined": false
      }
    ],
    "isTemplate": false,
    "count": 0,
    "lang": "en",
    "updated": 0
  },
  {
    "id": "5a261487-6de4-4c44-942b-36c9c52c16f0",
    "data": [
      {
        "text": "How should I pay?",
        "userDefined": false
      }
    ],
    "isTemplate": false,
    "count": 0,
    "lang": "en",
    "updated": 0
  }
]