[
  {
    "id": "a08ef473-ffb6-4707-a239-9d1d5e310116",
    "data": [
      {
        "text": "what is the price of noodle bowl",
        "userDefined": false
      }
    ],
    "isTemplate": false,
    "count": 1,
    "lang": "en",
    "updated": 0
  },
  {
    "id": "bb59bbb2-1145-4d32-b119-2e64e36e87b8",
    "data": [
      {
        "text": "what is the price of two noodle bowl",
        "userDefined": false
      }
    ],
    "isTemplate": false,
    "count": 0,
    "lang": "en",
    "updated": 0
  },
  {
    "id": "ad32570b-d555-4e6b-a162-7db002781120",
    "data": [
      {
        "text": "What is the price of each noodles bowl?",
        "userDefined": false
      }
    ],
    "isTemplate": false,
    "count": 0,
    "lang": "en",
    "updated": 0
  },
  {
    "id": "0e6e8bec-eeef-4e1e-bef0-4820587ebd12",
    "data": [
      {
        "text": "What is the price of the noodle?",
        "userDefined": false
      }
    ],
    "isTemplate": false,
    "count": 0,
    "lang": "en",
    "updated": 0
  }
]