[
  {
    "id": "9f8b3391-43f9-4b2c-9657-da1d16b44011",
    "data": [
      {
        "text": "What is profit margin of the restaurant",
        "userDefined": false
      }
    ],
    "isTemplate": false,
    "count": 0,
    "lang": "en",
    "updated": 0
  },
  {
    "id": "c3eae1ed-80cc-4eec-bc9a-0459b4619c64",
    "data": [
      {
        "text": "What is restaurant\u0027s profit margin?",
        "userDefined": false
      }
    ],
    "isTemplate": false,
    "count": 0,
    "lang": "en",
    "updated": 0
  },
  {
    "id": "7ecf60d6-d9c0-4c5f-8b4a-cec353ac52ba",
    "data": [
      {
        "text": "How much percentage customers are takeaway customers?",
        "userDefined": false
      }
    ],
    "isTemplate": false,
    "count": 0,
    "lang": "en",
    "updated": 0
  },
  {
    "id": "84d4b079-dddb-4aa4-a522-35e883cd9ffc",
    "data": [
      {
        "text": "What is the profit margin for the noodles?",
        "userDefined": false
      }
    ],
    "isTemplate": false,
    "count": 0,
    "lang": "en",
    "updated": 0
  },
  {
    "id": "b20060c3-78de-49dd-917c-8729f1e780ef",
    "data": [
      {
        "text": "How many are takeaway customers?",
        "userDefined": false
      }
    ],
    "isTemplate": false,
    "count": 0,
    "lang": "en",
    "updated": 0
  },
  {
    "id": "1c6015b7-7e3a-49c3-a85b-c6c34e55ddca",
    "data": [
      {
        "text": "What is the profit margin for the restaurant?",
        "userDefined": false
      }
    ],
    "isTemplate": false,
    "count": 0,
    "lang": "en",
    "updated": 0
  }
]