[
  {
    "id": "36467d9f-c11e-4e88-921c-d64d782fb65d",
    "data": [
      {
        "text": "Is the number of customers in the restaurant 100?",
        "userDefined": false
      }
    ],
    "isTemplate": false,
    "count": 1,
    "lang": "en",
    "updated": 0
  },
  {
    "id": "fba7497d-58d2-4040-b94a-daff0a96e0aa",
    "data": [
      {
        "text": "Is the profit margin for the restaurant ",
        "userDefined": false
      },
      {
        "text": "10%",
        "meta": "@sys.percentage",
        "alias": "percentage",
        "userDefined": false
      },
      {
        "text": "?",
        "userDefined": false
      }
    ],
    "isTemplate": false,
    "count": 0,
    "lang": "en",
    "updated": 0
  },
  {
    "id": "ff35aa09-48f2-46de-89cd-62c0a6c3b9ef",
    "data": [
      {
        "text": "Will ",
        "userDefined": false
      },
      {
        "text": "75%",
        "meta": "@sys.percentage",
        "alias": "percentage",
        "userDefined": false
      },
      {
        "text": " of the customers in dine-in would like to pay by credit card?",
        "userDefined": false
      }
    ],
    "isTemplate": false,
    "count": 0,
    "lang": "en",
    "updated": 0
  },
  {
    "id": "422139d5-5aa6-4771-a9e1-0b63fda22628",
    "data": [
      {
        "text": "Will ",
        "userDefined": false
      },
      {
        "text": "25%",
        "meta": "@sys.percentage",
        "alias": "percentage",
        "userDefined": false
      },
      {
        "text": " of the customers in takeaway would like to pay by credit card?",
        "userDefined": false
      }
    ],
    "isTemplate": false,
    "count": 0,
    "lang": "en",
    "updated": 0
  },
  {
    "id": "a7547a5b-6cfe-4e68-ac14-b230d1987788",
    "data": [
      {
        "text": "Is the number of customers ",
        "userDefined": false
      },
      {
        "text": "in a day",
        "meta": "@sys.date-time",
        "alias": "date-time",
        "userDefined": false
      },
      {
        "text": " 100 ?",
        "userDefined": false
      }
    ],
    "isTemplate": false,
    "count": 1,
    "lang": "en",
    "updated": 0
  },
  {
    "id": "3cdb1b82-6c0a-450e-9839-d2f546af7dff",
    "data": [
      {
        "text": "Does the number of customers in the restaurant 100?",
        "userDefined": false
      }
    ],
    "isTemplate": false,
    "count": 0,
    "lang": "en",
    "updated": 0
  }
]